Workbook

Sheet Dashboard
A1: STUDYFLOW | STUDENT LIFE DASHBOARD
A2: Ringkasan otomatis dari Task Tracker. Isi data tugas nyata agar angka mencerminkan aktivitasmu.
A4: TOTAL TUGAS | C4: SELESAI | E4: SEDANG DIKERJAKAN | G4: TERLAMBAT
A5: =COUNTA('Task Tracker'!B5:B104) | C5: =COUNTIF('Task Tracker'!E5:E104,"Selesai") | E5: =COUNTIF('Task Tracker'!E5:E104,"Dikerjakan") | G5: =COUNTIFS('Task Tracker'!H5:H104,"<0",'Task Tracker'!E5:E104,"<>Selesai",'Task Tracker'!C5:C104,"<>")
A7: PROGRES | E7: PENGINGAT
A8: Rasio tugas selesai | C8: =IFERROR(COUNTIF('Task Tracker'!E5:E104,"Selesai")/COUNTA('Task Tracker'!B5:B104),0) | E8: Deadline dalam 2 hari | G8: =COUNTIFS('Task Tracker'!H5:H104,">=0",'Task Tracker'!H5:H104,"<=2",'Task Tracker'!E5:E104,"<>Selesai",'Task Tracker'!C5:C104,"<>")
A9: =REPT("■",ROUND(C8*20,0))&REPT("□",20-ROUND(C8*20,0)) | E9: Prioritas tinggi belum selesai | G9: =COUNTIFS('Task Tracker'!D5:D104,"Tinggi",'Task Tracker'!E5:E104,"<>Selesai",'Task Tracker'!B5:B104,"<>")
A11: CARA MENGGUNAKAN DASHBOARD
A12: 01 | B12: Catat tugas | C12: Isi mata kuliah, nama tugas, deadline, prioritas, dan status di Task Tracker.
A13: 02 | B13: Progres otomatis | C13: Status Belum mulai = 0%, Dikerjakan = 50%, Menunggu = 50%, Selesai = 100%. Ini indikator tahap, bukan ukuran kerja presisi.
A14: 03 | B14: Periksa pengingat | C14: Deadline dekat dan terlambat ditandai otomatis berdasarkan tanggal hari ini.

Sheet Task Tracker
A1: STUDYFLOW | SMART TASK TRACKER
A2: Satu baris untuk satu tugas. Progres dihitung otomatis berdasarkan Status.
A4: Mata Kuliah | B4: Nama Tugas / Proyek | C4: Deadline | D4: Prioritas | E4: Status | F4: Estimasi (jam) | G4: Progres (%) | H4: Sisa Hari | I4: Catatan / Link
G5: =IF(E5="","",IF(E5="Belum mulai",0,IF(E5="Dikerjakan",50,IF(E5="Menunggu",50,IF(E5="Selesai",100,""))))) | H5: =IF(C5="","",C5-TODAY())
G6: =IF(E6="","",IF(E6="Belum mulai",0,IF(E6="Dikerjakan",50,IF(E6="Menunggu",50,IF(E6="Selesai",100,""))))) | H6: =IF(C6="","",C6-TODAY())
G7: =IF(E7="","",IF(E7="Belum mulai",0,IF(E7="Dikerjakan",50,IF(E7="Menunggu",50,IF(E7="Selesai",100,""))))) | H7: =IF(C7="","",C7-TODAY())
G8: =IF(E8="","",IF(E8="Belum mulai",0,IF(E8="Dikerjakan",50,IF(E8="Menunggu",50,IF(E8="Selesai",100,""))))) | H8: =IF(C8="","",C8-TODAY())
G9: =IF(E9="","",IF(E9="Belum mulai",0,IF(E9="Dikerjakan",50,IF(E9="Menunggu",50,IF(E9="Selesai",100,""))))) | H9: =IF(C9="","",C9-TODAY())
G10: =IF(E10="","",IF(E10="Belum mulai",0,IF(E10="Dikerjakan",50,IF(E10="Menunggu",50,IF(E10="Selesai",100,""))))) | H10: =IF(C10="","",C10-TODAY())
G11: =IF(E11="","",IF(E11="Belum mulai",0,IF(E11="Dikerjakan",50,IF(E11="Menunggu",50,IF(E11="Selesai",100,""))))) | H11: =IF(C11="","",C11-TODAY())
G12: =IF(E12="","",IF(E12="Belum mulai",0,IF(E12="Dikerjakan",50,IF(E12="Menunggu",50,IF(E12="Selesai",100,""))))) | H12: =IF(C12="","",C12-TODAY())
G13: =IF(E13="","",IF(E13="Belum mulai",0,IF(E13="Dikerjakan",50,IF(E13="Menunggu",50,IF(E13="Selesai",100,""))))) | H13: =IF(C13="","",C13-TODAY())
G14: =IF(E14="","",IF(E14="Belum mulai",0,IF(E14="Dikerjakan",50,IF(E14="Menunggu",50,IF(E14="Selesai",100,""))))) | H14: =IF(C14="","",C14-TODAY())
G15: =IF(E15="","",IF(E15="Belum mulai",0,IF(E15="Dikerjakan",50,IF(E15="Menunggu",50,IF(E15="Selesai",100,""))))) | H15: =IF(C15="","",C15-TODAY())
G16: =IF(E16="","",IF(E16="Belum mulai",0,IF(E16="Dikerjakan",50,IF(E16="Menunggu",50,IF(E16="Selesai",100,""))))) | H16: =IF(C16="","",C16-TODAY())
... G104: =IF(E104="","",IF(E104="Belum mulai",0,IF(E104="Dikerjakan",50,IF(E104="Menunggu",50,IF(E104="Selesai",100,""))))) | H104: =IF(C104="","",C104-TODAY())

Sheet Weekly Planner
A1: STUDYFLOW | WEEKLY FOCUS PLANNER
A2: Rencanakan prioritas, jadwal kuliah, waktu belajar, dan istirahat.
A4: Hari | B4: Prioritas 1 | C4: Prioritas 2 | D4: Prioritas 3 | E4: Jadwal Kuliah | F4: Blok Belajar | G4: Personal / Istirahat | H4: Catatan
A5: Senin
A6: Selasa
A7: Rabu
A8: Kamis
A9: Jumat
A10: Sabtu
A11: Minggu

Sheet Panduan
A1: STUDYFLOW | PANDUAN PENGGUNAAN
A2: Mulai cepat untuk pengguna baru.
A4: MULAI DALAM 3 MENIT
A5: 1. Catat | B5: Masukkan satu tugas per baris pada Task Tracker.
A6: 2. Atur status | B6: Klik kolom D untuk prioritas dan kolom E untuk status; pilih dari dropdown saat sel dipilih.
A7: 3. Lihat progres | B7: Kolom Progres dan Sisa Hari dihitung otomatis. Jangan mengetik di kolom G atau H.
A8: 4. Rencanakan | B8: Gunakan Weekly Planner untuk mengatur fokus mingguan.
A11: PENTING
A12: Status menentukan indikator progres: Belum mulai 0%, Dikerjakan 50%, Menunggu 50%, Selesai 100%. Ini dibuat sederhana agar mudah dipakai; jika perlu progres lebih presisi, tambahkan sub-tugas atau gunakan skala progres manual. Jangan gunakan angka dashboard sebagai bukti trafik atau penjualan.
